	coefficientvariance	comments	concentration	concentrationunits	dilution	endpoint	fieldreplicate	labcode	matrix	mean	n	pctcontrol	qacode	resultunits	samplecollectdate	sampletypecode	species	stationid	stddev	tmp_row	toxbatch	treatment	variance	tstat	pvalue	significance	row	error
0	0.0	"Summary: Mean should be greater than 70 where Species is equal to ""Mytilus galloprovinialis"" or ""MG"" and SampleTypeCode is equal to ""CNEG"""	-88	NR	-88	NPA	1	CSD	SWI	60.0	5	100.0	A	PERCENTAGE	2013-07-16	CNEG	MG	0000	0.0	0	CSD005	None	0.0			X	0	"{""column"": ""Mean"", ""error_type"": ""Custom Toxicity"", ""error"": ""Does not meet control acceptability criterion; mean control value < 70""}"
1	0.0	"Summary: Mean should be greater than 70 where Species is equal to ""Mytilus galloprovinialis"" or ""MG"" and SampleTypeCode is equal to ""CNEG"""	-88	NR	-88	NPA	1	CSD	SWI	60.0	5	100.0	A	PERCENTAGE	2013-07-16	CNEG	MG	0000	0.0	1	CSD005	None	0.0			X	1	"{""column"": ""Mean"", ""error_type"": ""Custom Toxicity"", ""error"": ""Does not meet control acceptability criterion; mean control value < 70""}"
2	0.0	"Summary: Mean should be greater than 70 where Species is equal to ""Mytilus galloprovinialis"" or ""MG"" and SampleTypeCode is equal to ""CNEG"""	-88	NR	-88	NPA	1	CSD	SWI	60.0	5	100.0	A	PERCENTAGE	2013-07-16	CNEG	MG	0000	0.0	2	CSD005	None	0.0			X	2	"{""column"": ""Mean"", ""error_type"": ""Custom Toxicity"", ""error"": ""Does not meet control acceptability criterion; mean control value < 70""}"
3	0.0	"Summary: Mean should be greater than 70 where Species is equal to ""Mytilus galloprovinialis"" or ""MG"" and SampleTypeCode is equal to ""CNEG"""	-88	NR	-88	NPA	1	CSD	SWI	60.0	5	100.0	A	PERCENTAGE	2013-07-16	CNEG	MG	0000	0.0	3	CSD005	None	0.0			X	3	"{""column"": ""Mean"", ""error_type"": ""Custom Toxicity"", ""error"": ""Does not meet control acceptability criterion; mean control value < 70""}"
4	0.0	"Summary: Mean should be greater than 70 where Species is equal to ""Mytilus galloprovinialis"" or ""MG"" and SampleTypeCode is equal to ""CNEG"""	-88	NR	-88	NPA	1	CSD	SWI	60.0	5	100.0	A	PERCENTAGE	2013-07-16	CNEG	MG	0000	0.0	4	CSD005	None	0.0			X	4	"{""column"": ""Mean"", ""error_type"": ""Custom Toxicity"", ""error"": ""Does not meet control acceptability criterion; mean control value < 70""}"
5	78.5837262395		0	mg/L	-88	NPA	1	CSD	RT	53.4	35		A	PERCENTAGE	2013-07-16	RFNH3	MG	0000	41.9637098119	5	CSD006	None	1760.95294118			NSC		
6	78.5837262395		0	mg/L	-88	NPA	1	CSD	RT	53.4	35		A	PERCENTAGE	2013-07-16	RFNH3	MG	0000	41.9637098119	6	CSD006	None	1760.95294118			NSC		
7	78.5837262395		0	mg/L	-88	NPA	1	CSD	RT	53.4	35		A	PERCENTAGE	2013-07-16	RFNH3	MG	0000	41.9637098119	7	CSD006	None	1760.95294118			NSC		
8	78.5837262395		0	mg/L	-88	NPA	1	CSD	RT	53.4	35		A	PERCENTAGE	2013-07-16	RFNH3	MG	0000	41.9637098119	8	CSD006	None	1760.95294118			NSC		
9	78.5837262395		0	mg/L	-88	NPA	1	CSD	RT	53.4	35		A	PERCENTAGE	2013-07-16	RFNH3	MG	0000	41.9637098119	9	CSD006	None	1760.95294118			NSC		
10	78.5837262395		2	mg/L	-88	NPA	1	CSD	RT	53.4	35		A	PERCENTAGE	2013-07-16	RFNH3	MG	0000	41.9637098119	10	CSD006	None	1760.95294118			NSC		
11	78.5837262395		2	mg/L	-88	NPA	1	CSD	RT	53.4	35		A	PERCENTAGE	2013-07-16	RFNH3	MG	0000	41.9637098119	11	CSD006	None	1760.95294118			NSC		
12	78.5837262395		2	mg/L	-88	NPA	1	CSD	RT	53.4	35		A	PERCENTAGE	2013-07-16	RFNH3	MG	0000	41.9637098119	12	CSD006	None	1760.95294118			NSC		
13	78.5837262395		2	mg/L	-88	NPA	1	CSD	RT	53.4	35		A	PERCENTAGE	2013-07-16	RFNH3	MG	0000	41.9637098119	13	CSD006	None	1760.95294118			NSC		
14	78.5837262395		2	mg/L	-88	NPA	1	CSD	RT	53.4	35		A	PERCENTAGE	2013-07-16	RFNH3	MG	0000	41.9637098119	14	CSD006	None	1760.95294118			NSC		
15	78.5837262395		4	mg/L	-88	NPA	1	CSD	RT	53.4	35		A	PERCENTAGE	2013-07-16	RFNH3	MG	0000	41.9637098119	15	CSD006	None	1760.95294118			NSC		
16	78.5837262395		4	mg/L	-88	NPA	1	CSD	RT	53.4	35		A	PERCENTAGE	2013-07-16	RFNH3	MG	0000	41.9637098119	16	CSD006	None	1760.95294118			NSC		
17	78.5837262395		4	mg/L	-88	NPA	1	CSD	RT	53.4	35		A	PERCENTAGE	2013-07-16	RFNH3	MG	0000	41.9637098119	17	CSD006	None	1760.95294118			NSC		
18	78.5837262395		4	mg/L	-88	NPA	1	CSD	RT	53.4	35		A	PERCENTAGE	2013-07-16	RFNH3	MG	0000	41.9637098119	18	CSD006	None	1760.95294118			NSC		
19	78.5837262395		4	mg/L	-88	NPA	1	CSD	RT	53.4	35		A	PERCENTAGE	2013-07-16	RFNH3	MG	0000	41.9637098119	19	CSD006	None	1760.95294118			NSC		
20	78.5837262395		6	mg/L	-88	NPA	1	CSD	RT	53.4	35		A	PERCENTAGE	2013-07-16	RFNH3	MG	0000	41.9637098119	20	CSD006	None	1760.95294118			NSC		
21	78.5837262395		6	mg/L	-88	NPA	1	CSD	RT	53.4	35		A	PERCENTAGE	2013-07-16	RFNH3	MG	0000	41.9637098119	21	CSD006	None	1760.95294118			NSC		
22	78.5837262395		6	mg/L	-88	NPA	1	CSD	RT	53.4	35		A	PERCENTAGE	2013-07-16	RFNH3	MG	0000	41.9637098119	22	CSD006	None	1760.95294118			NSC		
23	78.5837262395		6	mg/L	-88	NPA	1	CSD	RT	53.4	35		A	PERCENTAGE	2013-07-16	RFNH3	MG	0000	41.9637098119	23	CSD006	None	1760.95294118			NSC		
24	78.5837262395		6	mg/L	-88	NPA	1	CSD	RT	53.4	35		A	PERCENTAGE	2013-07-16	RFNH3	MG	0000	41.9637098119	24	CSD006	None	1760.95294118			NSC		
25	78.5837262395	"Result: ""Reference Toxicant"" in the Matrix field must have data in Concentration field. Can't be -88."	-88	mg/L	-88	NPA	1	CSD	RT	53.4	35		A	PERCENTAGE	2013-07-16	RFNH3	MG	0000	41.9637098119	25	CSD006	None	1760.95294118			NSC		
26	78.5837262395	"Result: ""Reference Toxicant"" in the Matrix field must have data in Concentration field. Can't be -88."	-88	mg/L	-88	NPA	1	CSD	RT	53.4	35		A	PERCENTAGE	2013-07-16	RFNH3	MG	0000	41.9637098119	26	CSD006	None	1760.95294118			NSC		
27	78.5837262395	"Result: ""Reference Toxicant"" in the Matrix field must have data in Concentration field. Can't be -88."	-88	mg/L	-88	NPA	1	CSD	RT	53.4	35		A	PERCENTAGE	2013-07-16	RFNH3	MG	0000	41.9637098119	27	CSD006	None	1760.95294118			NSC		
28	78.5837262395	"Result: ""Reference Toxicant"" in the Matrix field must have data in Concentration field. Can't be -88."	-88	mg/L	-88	NPA	1	CSD	RT	53.4	35		A	PERCENTAGE	2013-07-16	RFNH3	MG	0000	41.9637098119	28	CSD006	None	1760.95294118			NSC		
29	78.5837262395	"Result: ""Reference Toxicant"" in the Matrix field must have data in Concentration field. Can't be -88."	-88	mg/L	-88	NPA	1	CSD	RT	53.4	35		A	PERCENTAGE	2013-07-16	RFNH3	MG	0000	41.9637098119	29	CSD006	None	1760.95294118			NSC		
30	78.5837262395		10	mg/L	-88	NPA	1	CSD	RT	53.4	35		A	PERCENTAGE	2013-07-16	RFNH3	MG	0000	41.9637098119	30	CSD006	None	1760.95294118			NSC		
31	78.5837262395		10	mg/L	-88	NPA	1	CSD	RT	53.4	35		A	PERCENTAGE	2013-07-16	RFNH3	MG	0000	41.9637098119	31	CSD006	None	1760.95294118			NSC		
32	78.5837262395		10	mg/L	-88	NPA	1	CSD	RT	53.4	35		A	PERCENTAGE	2013-07-16	RFNH3	MG	0000	41.9637098119	32	CSD006	None	1760.95294118			NSC		
33	78.5837262395		10	mg/L	-88	NPA	1	CSD	RT	53.4	35		A	PERCENTAGE	2013-07-16	RFNH3	MG	0000	41.9637098119	33	CSD006	None	1760.95294118			NSC		
34	78.5837262395		10	mg/L	-88	NPA	1	CSD	RT	53.4	35		A	PERCENTAGE	2013-07-16	RFNH3	MG	0000	41.9637098119	34	CSD006	None	1760.95294118			NSC		
35	78.5837262395		20	mg/L	-88	NPA	1	CSD	RT	53.4	35		A	PERCENTAGE	2013-07-16	RFNH3	MG	0000	41.9637098119	35	CSD006	None	1760.95294118			NSC		
36	78.5837262395		20	mg/L	-88	NPA	1	CSD	RT	53.4	35		A	PERCENTAGE	2013-07-16	RFNH3	MG	0000	41.9637098119	36	CSD006	None	1760.95294118			NSC		
37	78.5837262395		20	mg/L	-88	NPA	1	CSD	RT	53.4	35		A	PERCENTAGE	2013-07-16	RFNH3	MG	0000	41.9637098119	37	CSD006	None	1760.95294118			NSC		
38	78.5837262395		20	mg/L	-88	NPA	1	CSD	RT	53.4	35		A	PERCENTAGE	2013-07-16	RFNH3	MG	0000	41.9637098119	38	CSD006	None	1760.95294118			NSC		
39	78.5837262395		20	mg/L	-88	NPA	1	CSD	RT	53.4	35		A	PERCENTAGE	2013-07-16	RFNH3	MG	0000	41.9637098119	39	CSD006	None	1760.95294118			NSC		
40	0.0	"Summary: mean should be greater than 90 where Species is equal to ""Eohaustorius estuaries"" or ""EE"" and SampleTypeCode is equal to ""CNEG"""	-88	NR	-88	SP10	1	CSD	BS	80.0	5	100.0	A	PERCENTAGE	2013-07-23	CNEG	EE	0000	0.0	40	CSD007	None	0.0	-0.840168050417	0.211285814067	NSC	40	"{""column"": ""Mean"", ""error_type"": ""Custom Toxicity"", ""error"": ""Does not meet control acceptability criterion; mean control value < 90""}"
41	0.0	"Summary: mean should be greater than 90 where Species is equal to ""Eohaustorius estuaries"" or ""EE"" and SampleTypeCode is equal to ""CNEG"""	-88	NR	-88	SP10	1	CSD	BS	80.0	5	100.0	A	PERCENTAGE	2013-07-23	CNEG	EE	0000	0.0	41	CSD007	None	0.0	-0.840168050417	0.211285814067	NSC	41	"{""column"": ""Mean"", ""error_type"": ""Custom Toxicity"", ""error"": ""Does not meet control acceptability criterion; mean control value < 90""}"
42	0.0	"Summary: mean should be greater than 90 where Species is equal to ""Eohaustorius estuaries"" or ""EE"" and SampleTypeCode is equal to ""CNEG"""	-88	NR	-88	SP10	1	CSD	BS	80.0	5	100.0	A	PERCENTAGE	2013-07-23	CNEG	EE	0000	0.0	42	CSD007	None	0.0	-0.840168050417	0.211285814067	NSC	42	"{""column"": ""Mean"", ""error_type"": ""Custom Toxicity"", ""error"": ""Does not meet control acceptability criterion; mean control value < 90""}"
43	0.0	"Summary: mean should be greater than 90 where Species is equal to ""Eohaustorius estuaries"" or ""EE"" and SampleTypeCode is equal to ""CNEG"""	-88	NR	-88	SP10	1	CSD	BS	80.0	5	100.0	A	PERCENTAGE	2013-07-23	CNEG	EE	0000	0.0	43	CSD007	None	0.0	-0.840168050417	0.211285814067	NSC	43	"{""column"": ""Mean"", ""error_type"": ""Custom Toxicity"", ""error"": ""Does not meet control acceptability criterion; mean control value < 90""}"
44	0.0	"Summary: mean should be greater than 90 where Species is equal to ""Eohaustorius estuaries"" or ""EE"" and SampleTypeCode is equal to ""CNEG"""	-88	NR	-88	SP10	1	CSD	BS	80.0	5	100.0	A	PERCENTAGE	2013-07-23	CNEG	EE	0000	0.0	44	CSD007	None	0.0	-0.840168050417	0.211285814067	NSC	44	"{""column"": ""Mean"", ""error_type"": ""Custom Toxicity"", ""error"": ""Does not meet control acceptability criterion; mean control value < 90""}"
45	44.6153113803	Batch: Each batch with a matrix of “RT” must include a corresponding result RFNH3 sample.	0	mg/L	-88	SP4	1	CSD	RT	74.1666666667	24		A	PERCENTAGE	2013-07-23	Test	EE	0000	33.0896892737	45	CSD008	None	1094.92753623			NSC		
46	44.6153113803	Batch: Each batch with a matrix of “RT” must include a corresponding result RFNH3 sample.	0	mg/L	-88	SP4	1	CSD	RT	74.1666666667	24		A	PERCENTAGE	2013-07-23	Test	EE	0000	33.0896892737	46	CSD008	None	1094.92753623			NSC		
47	44.6153113803	Batch: Each batch with a matrix of “RT” must include a corresponding result RFNH3 sample.	0	mg/L	-88	SP4	1	CSD	RT	74.1666666667	24		A	PERCENTAGE	2013-07-23	Test	EE	0000	33.0896892737	47	CSD008	None	1094.92753623			NSC		
48	44.6153113803	Batch: Each batch with a matrix of “RT” must include a corresponding result RFNH3 sample.	0	mg/L	-88	SP4	1	CSD	RT	74.1666666667	24		A	PERCENTAGE	2013-07-23	Test	EE	0000	33.0896892737	48	CSD008	None	1094.92753623			NSC		
49	44.6153113803	Batch: Each batch with a matrix of “RT” must include a corresponding result RFNH3 sample.	15	mg/L	-88	SP4	1	CSD	RT	74.1666666667	24		A	PERCENTAGE	2013-07-23	Test	EE	0000	33.0896892737	49	CSD008	None	1094.92753623			NSC		
50	44.6153113803	Batch: Each batch with a matrix of “RT” must include a corresponding result RFNH3 sample.	15	mg/L	-88	SP4	1	CSD	RT	74.1666666667	24		A	PERCENTAGE	2013-07-23	Test	EE	0000	33.0896892737	50	CSD008	None	1094.92753623			NSC		
51	44.6153113803	Batch: Each batch with a matrix of “RT” must include a corresponding result RFNH3 sample.	15	mg/L	-88	SP4	1	CSD	RT	74.1666666667	24		A	PERCENTAGE	2013-07-23	Test	EE	0000	33.0896892737	51	CSD008	None	1094.92753623			NSC		
52	44.6153113803	Batch: Each batch with a matrix of “RT” must include a corresponding result RFNH3 sample.	15	mg/L	-88	SP4	1	CSD	RT	74.1666666667	24		A	PERCENTAGE	2013-07-23	Test	EE	0000	33.0896892737	52	CSD008	None	1094.92753623			NSC		
53	44.6153113803	Batch: Each batch with a matrix of “RT” must include a corresponding result RFNH3 sample.	31	mg/L	-88	SP4	1	CSD	RT	74.1666666667	24		A	PERCENTAGE	2013-07-23	Test	EE	0000	33.0896892737	53	CSD008	None	1094.92753623			NSC		
54	44.6153113803	Batch: Each batch with a matrix of “RT” must include a corresponding result RFNH3 sample.	31	mg/L	-88	SP4	1	CSD	RT	74.1666666667	24		A	PERCENTAGE	2013-07-23	Test	EE	0000	33.0896892737	54	CSD008	None	1094.92753623			NSC		
55	44.6153113803	Batch: Each batch with a matrix of “RT” must include a corresponding result RFNH3 sample.	31	mg/L	-88	SP4	1	CSD	RT	74.1666666667	24		A	PERCENTAGE	2013-07-23	Test	EE	0000	33.0896892737	55	CSD008	None	1094.92753623			NSC		
56	44.6153113803	Batch: Each batch with a matrix of “RT” must include a corresponding result RFNH3 sample.	31	mg/L	-88	SP4	1	CSD	RT	74.1666666667	24		A	PERCENTAGE	2013-07-23	Test	EE	0000	33.0896892737	56	CSD008	None	1094.92753623			NSC		
57	44.6153113803	Batch: Each batch with a matrix of “RT” must include a corresponding result RFNH3 sample.	62	mg/L	-88	SP4	1	CSD	RT	74.1666666667	24		A	PERCENTAGE	2013-07-23	Test	EE	0000	33.0896892737	57	CSD008	None	1094.92753623			NSC		
58	44.6153113803	Batch: Each batch with a matrix of “RT” must include a corresponding result RFNH3 sample.	62	mg/L	-88	SP4	1	CSD	RT	74.1666666667	24		A	PERCENTAGE	2013-07-23	Test	EE	0000	33.0896892737	58	CSD008	None	1094.92753623			NSC		
59	44.6153113803	Batch: Each batch with a matrix of “RT” must include a corresponding result RFNH3 sample.	62	mg/L	-88	SP4	1	CSD	RT	74.1666666667	24		A	PERCENTAGE	2013-07-23	Test	EE	0000	33.0896892737	59	CSD008	None	1094.92753623			NSC		
60	44.6153113803	Batch: Each batch with a matrix of “RT” must include a corresponding result RFNH3 sample.	62	mg/L	-88	SP4	1	CSD	RT	74.1666666667	24		A	PERCENTAGE	2013-07-23	Test	EE	0000	33.0896892737	60	CSD008	None	1094.92753623			NSC		
61	44.6153113803	Batch: Each batch with a matrix of “RT” must include a corresponding result RFNH3 sample.	125	mg/L	-88	SP4	1	CSD	RT	74.1666666667	24		A	PERCENTAGE	2013-07-23	Test	EE	0000	33.0896892737	61	CSD008	None	1094.92753623			NSC		
62	44.6153113803	Batch: Each batch with a matrix of “RT” must include a corresponding result RFNH3 sample.	125	mg/L	-88	SP4	1	CSD	RT	74.1666666667	24		A	PERCENTAGE	2013-07-23	Test	EE	0000	33.0896892737	62	CSD008	None	1094.92753623			NSC		
63	44.6153113803	Batch: Each batch with a matrix of “RT” must include a corresponding result RFNH3 sample.	125	mg/L	-88	SP4	1	CSD	RT	74.1666666667	24		A	PERCENTAGE	2013-07-23	Test	EE	0000	33.0896892737	63	CSD008	None	1094.92753623			NSC		
64	44.6153113803	Batch: Each batch with a matrix of “RT” must include a corresponding result RFNH3 sample.	125	mg/L	-88	SP4	1	CSD	RT	74.1666666667	24		A	PERCENTAGE	2013-07-23	Test	EE	0000	33.0896892737	64	CSD008	None	1094.92753623			NSC		
65	44.6153113803	Batch: Each batch with a matrix of “RT” must include a corresponding result RFNH3 sample.	250	mg/L	-88	SP4	1	CSD	RT	74.1666666667	24		A	PERCENTAGE	2013-07-23	Test	EE	0000	33.0896892737	65	CSD008	None	1094.92753623			NSC		
66	44.6153113803	Batch: Each batch with a matrix of “RT” must include a corresponding result RFNH3 sample.	250	mg/L	-88	SP4	1	CSD	RT	74.1666666667	24		A	PERCENTAGE	2013-07-23	Test	EE	0000	33.0896892737	66	CSD008	None	1094.92753623			NSC		
67	44.6153113803	Batch: Each batch with a matrix of “RT” must include a corresponding result RFNH3 sample.	250	mg/L	-88	SP4	1	CSD	RT	74.1666666667	24		A	PERCENTAGE	2013-07-23	Test	EE	0000	33.0896892737	67	CSD008	None	1094.92753623			NSC		
68	44.6153113803	Batch: Each batch with a matrix of “RT” must include a corresponding result RFNH3 sample.	250	mg/L	-880	SP4	1	CSD	RT	74.1666666667	24		A	PERCENTAGE	2013-07-23	Test	EE	0000	33.0896892737	68	CSD008	None	1094.92753623			NSC		
69	8.32837744034	Batch: Each batch with a matrix of “RT” must include a corresponding result RFNH3 sample.	-88	NR	-88	NPA	1	CSD	SWI	87.0	5		A	PERCENTAGE	2013-08-07	Test	MG	0000	7.24568837309	69	CSD009	None	52.5			NSC		
70	8.32837744034	Batch: Each batch with a matrix of “RT” must include a corresponding result RFNH3 sample.	-88	NR	-88	NPA	1	CSD	SWI	87.0	5		A	PERCENTAGE	2013-08-07	Test	MG	0000	7.24568837309	70	CSD009	None	52.5			NSC		
71	8.32837744034	Batch: Each batch with a matrix of “RT” must include a corresponding result RFNH3 sample.	-88	NR	-88	NPA	1	CSD	SWI	87.0	5		A	PERCENTAGE	2013-08-07	Test	MG	0000	7.24568837309	71	CSD009	None	52.5			NSC		
72	8.32837744034	Batch: Each batch with a matrix of “RT” must include a corresponding result RFNH3 sample.	-88	NR	-88	NPA	1	CSD	SWI	87.0	5		A	PERCENTAGE	2013-08-07	Test	MG	0000	7.24568837309	72	CSD009	None	52.5			NSC		
73	8.32837744034	Batch: Each batch with a matrix of “RT” must include a corresponding result RFNH3 sample.	-88	NR	-88	NPA	1	CSD	SWI	87.0	5		A	PERCENTAGE	2013-08-07	Test	MG	0000	7.24568837309	73	CSD009	None	52.5			NSC		
74	70.168266817		0	mg/L	-88	NPA	1	CSD	RT	56.9428571429	35		A	PERCENTAGE	2013-08-07	RFNH3	MG	0000	39.9558159332	74	CSD010	None	1596.46722689			NSC		
75	70.168266817		0	mg/L	-88	NPA	1	CSD	RT	56.9428571429	35		A	PERCENTAGE	2013-08-07	RFNH3	MG	0000	39.9558159332	75	CSD010	None	1596.46722689			NSC		
76	70.168266817		0	mg/L	-88	NPA	1	CSD	RT	56.9428571429	35		A	PERCENTAGE	2013-08-07	RFNH3	MG	0000	39.9558159332	76	CSD010	None	1596.46722689			NSC		
77	70.168266817		0	mg/L	-88	NPA	1	CSD	RT	56.9428571429	35		A	PERCENTAGE	2013-08-07	RFNH3	MG	0000	39.9558159332	77	CSD010	None	1596.46722689			NSC		
78	70.168266817		0	mg/L	-88	NPA	1	CSD	RT	56.9428571429	35		A	PERCENTAGE	2013-08-07	RFNH3	MG	0000	39.9558159332	78	CSD010	None	1596.46722689			NSC		
79	70.168266817		2	mg/L	-88	NPA	1	CSD	RT	56.9428571429	35		A	PERCENTAGE	2013-08-07	RFNH3	MG	0000	39.9558159332	79	CSD010	None	1596.46722689			NSC		
80	70.168266817		2	mg/L	-88	NPA	1	CSD	RT	56.9428571429	35		A	PERCENTAGE	2013-08-07	RFNH3	MG	0000	39.9558159332	80	CSD010	None	1596.46722689			NSC		
81	70.168266817		2	mg/L	-88	NPA	1	CSD	RT	56.9428571429	35		A	PERCENTAGE	2013-08-07	RFNH3	MG	0000	39.9558159332	81	CSD010	None	1596.46722689			NSC		
82	70.168266817		2	mg/L	-88	NPA	1	CSD	RT	56.9428571429	35		A	PERCENTAGE	2013-08-07	RFNH3	MG	0000	39.9558159332	82	CSD010	None	1596.46722689			NSC		
83	70.168266817		2	mg/L	-88	NPA	1	CSD	RT	56.9428571429	35		A	PERCENTAGE	2013-08-07	RFNH3	MG	0000	39.9558159332	83	CSD010	None	1596.46722689			NSC		
84	70.168266817		4	mg/L	-88	NPA	1	CSD	RT	56.9428571429	35		A	PERCENTAGE	2013-08-07	RFNH3	MG	0000	39.9558159332	84	CSD010	None	1596.46722689			NSC		
85	70.168266817		4	mg/L	-88	NPA	1	CSD	RT	56.9428571429	35		A	PERCENTAGE	2013-08-07	RFNH3	MG	0000	39.9558159332	85	CSD010	None	1596.46722689			NSC		
86	70.168266817		4	mg/L	-88	NPA	1	CSD	RT	56.9428571429	35		A	PERCENTAGE	2013-08-07	RFNH3	MG	0000	39.9558159332	86	CSD010	None	1596.46722689			NSC		
87	70.168266817		4	mg/L	-88	NPA	1	CSD	RT	56.9428571429	35		A	PERCENTAGE	2013-08-07	RFNH3	MG	0000	39.9558159332	87	CSD010	None	1596.46722689			NSC		
88	70.168266817		4	mg/L	-88	NPA	1	CSD	RT	56.9428571429	35		A	PERCENTAGE	2013-08-07	RFNH3	MG	0000	39.9558159332	88	CSD010	None	1596.46722689			NSC		
89	70.168266817		6	mg/L	-88	NPA	1	CSD	RT	56.9428571429	35		A	PERCENTAGE	2013-08-07	RFNH3	MG	0000	39.9558159332	89	CSD010	None	1596.46722689			NSC		
90	70.168266817		6	mg/L	-88	NPA	1	CSD	RT	56.9428571429	35		A	PERCENTAGE	2013-08-07	RFNH3	MG	0000	39.9558159332	90	CSD010	None	1596.46722689			NSC		
91	70.168266817		6	mg/L	-88	NPA	1	CSD	RT	56.9428571429	35		A	PERCENTAGE	2013-08-07	RFNH3	MG	0000	39.9558159332	91	CSD010	None	1596.46722689			NSC		
92	70.168266817		6	mg/L	-88	NPA	1	CSD	RT	56.9428571429	35		A	PERCENTAGE	2013-08-07	RFNH3	MG	0000	39.9558159332	92	CSD010	None	1596.46722689			NSC		
93	70.168266817		6	mg/L	-88	NPA	1	CSD	RT	56.9428571429	35		A	PERCENTAGE	2013-08-07	RFNH3	MG	0000	39.9558159332	93	CSD010	None	1596.46722689			NSC		
94	70.168266817		8	mg/L	-88	NPA	1	CSD	RT	56.9428571429	35		A	PERCENTAGE	2013-08-07	RFNH3	MG	0000	39.9558159332	94	CSD010	None	1596.46722689			NSC		
95	70.168266817		8	mg/L	-88	NPA	1	CSD	RT	56.9428571429	35		A	PERCENTAGE	2013-08-07	RFNH3	MG	0000	39.9558159332	95	CSD010	None	1596.46722689			NSC		
96	70.168266817		8	mg/L	-88	NPA	1	CSD	RT	56.9428571429	35		A	PERCENTAGE	2013-08-07	RFNH3	MG	0000	39.9558159332	96	CSD010	None	1596.46722689			NSC		
97	70.168266817		8	mg/L	-88	NPA	1	CSD	RT	56.9428571429	35		A	PERCENTAGE	2013-08-07	RFNH3	MG	0000	39.9558159332	97	CSD010	None	1596.46722689			NSC		
98	70.168266817		8	mg/L	-88	NPA	1	CSD	RT	56.9428571429	35		A	PERCENTAGE	2013-08-07	RFNH3	MG	0000	39.9558159332	98	CSD010	None	1596.46722689			NSC		
99	70.168266817		10	mg/L	-88	NPA	1	CSD	RT	56.9428571429	35		A	PERCENTAGE	2013-08-07	RFNH3	MG	0000	39.9558159332	99	CSD010	None	1596.46722689			NSC		
100	70.168266817		10	mg/L	-88	NPA	1	CSD	RT	56.9428571429	35		A	PERCENTAGE	2013-08-07	RFNH3	MG	0000	39.9558159332	100	CSD010	None	1596.46722689			NSC		
101	70.168266817		10	mg/L	-88	NPA	1	CSD	RT	56.9428571429	35		A	PERCENTAGE	2013-08-07	RFNH3	MG	0000	39.9558159332	101	CSD010	None	1596.46722689			NSC		
102	70.168266817		10	mg/L	-88	NPA	1	CSD	RT	56.9428571429	35		A	PERCENTAGE	2013-08-07	RFNH3	MG	0000	39.9558159332	102	CSD010	None	1596.46722689			NSC		
103	70.168266817		10	mg/L	-88	NPA	1	CSD	RT	56.9428571429	35		A	PERCENTAGE	2013-08-07	RFNH3	MG	0000	39.9558159332	103	CSD010	None	1596.46722689			NSC		
104	70.168266817		20	mg/L	-88	NPA	1	CSD	RT	56.9428571429	35		A	PERCENTAGE	2013-08-07	RFNH3	MG	0000	39.9558159332	104	CSD010	None	1596.46722689			NSC		
105	70.168266817		20	mg/L	-88	NPA	1	CSD	RT	56.9428571429	35		A	PERCENTAGE	2013-08-07	RFNH3	MG	0000	39.9558159332	105	CSD010	None	1596.46722689			NSC		
106	70.168266817		20	mg/L	-88	NPA	1	CSD	RT	56.9428571429	35		A	PERCENTAGE	2013-08-07	RFNH3	MG	0000	39.9558159332	106	CSD010	None	1596.46722689			NSC		
107	70.168266817		20	mg/L	-88	NPA	1	CSD	RT	56.9428571429	35		A	PERCENTAGE	2013-08-07	RFNH3	MG	0000	39.9558159332	107	CSD010	None	1596.46722689			NSC		
108	70.168266817		20	mg/L	-88	NPA	1	CSD	RT	56.9428571429	35		A	PERCENTAGE	2013-08-07	RFNH3	MG	0000	39.9558159332	108	CSD010	None	1596.46722689			NSC		
109	17.5157245679		-88	NR	-88	NPA	1	CSD	SWI	91.4	5	100.0	A	PERCENTAGE	2013-08-23	CNEG	MG	0000	16.009372255	109	CSD011	None	256.3	0.0	0.5	X		
110	17.5157245679		-88	NR	-88	NPA	1	CSD	SWI	91.4	5	100.0	A	PERCENTAGE	2013-08-23	CNEG	MG	0000	16.009372255	110	CSD011	None	256.3	0.0	0.5	X		
111	17.5157245679		-88	NR	-88	NPA	1	CSD	SWI	91.4	5	100.0	A	PERCENTAGE	2013-08-23	CNEG	MG	0000	16.009372255	111	CSD011	None	256.3	0.0	0.5	X		
112	17.5157245679		-88	NR	-88	NPA	1	CSD	SWI	91.4	5	100.0	A	PERCENTAGE	2013-08-23	CNEG	MG	0000	16.009372255	112	CSD011	None	256.3	0.0	0.5	X		
113	17.5157245679		-88	NR	-88	NPA	1	CSD	SWI	91.4	5	100.0	A	PERCENTAGE	2013-08-23	CNEG	MG	0000	16.009372255	113	CSD011	None	256.3	0.0	0.5	X		
114	68.9895582549		0	mg/L	-88	NPA	1	CSD	RT	62.9428571429	35		A	PERCENTAGE	2013-08-23	RFNH3	MG	0000	43.4239990959	114	CSD012	None	1885.64369748			NSC		
115	68.9895582549		0	mg/L	-88	NPA	1	CSD	RT	62.9428571429	35		A	PERCENTAGE	2013-08-23	RFNH3	MG	0000	43.4239990959	115	CSD012	None	1885.64369748			NSC		
116	68.9895582549		0	mg/L	-88	NPA	1	CSD	RT	62.9428571429	35		A	PERCENTAGE	2013-08-23	RFNH3	MG	0000	43.4239990959	116	CSD012	None	1885.64369748			NSC		
117	68.9895582549		0	mg/L	-88	NPA	1	CSD	RT	62.9428571429	35		A	PERCENTAGE	2013-08-23	RFNH3	MG	0000	43.4239990959	117	CSD012	None	1885.64369748			NSC		
118	68.9895582549		0	mg/L	-88	NPA	1	CSD	RT	62.9428571429	35		A	PERCENTAGE	2013-08-23	RFNH3	MG	0000	43.4239990959	118	CSD012	None	1885.64369748			NSC		
119	68.9895582549		2	mg/L	-88	NPA	1	CSD	RT	62.9428571429	35		A	PERCENTAGE	2013-08-23	RFNH3	MG	0000	43.4239990959	119	CSD012	None	1885.64369748			NSC		
120	68.9895582549		2	mg/L	-88	NPA	1	CSD	RT	62.9428571429	35		A	PERCENTAGE	2013-08-23	RFNH3	MG	0000	43.4239990959	120	CSD012	None	1885.64369748			NSC		
121	68.9895582549		2	mg/L	-88	NPA	1	CSD	RT	62.9428571429	35		A	PERCENTAGE	2013-08-23	RFNH3	MG	0000	43.4239990959	121	CSD012	None	1885.64369748			NSC		
122	68.9895582549		2	mg/L	-88	NPA	1	CSD	RT	62.9428571429	35		A	PERCENTAGE	2013-08-23	RFNH3	MG	0000	43.4239990959	122	CSD012	None	1885.64369748			NSC		
123	68.9895582549		2	mg/L	-88	NPA	1	CSD	RT	62.9428571429	35		A	PERCENTAGE	2013-08-23	RFNH3	MG	0000	43.4239990959	123	CSD012	None	1885.64369748			NSC		
124	68.9895582549		4	mg/L	-88	NPA	1	CSD	RT	62.9428571429	35		A	PERCENTAGE	2013-08-23	RFNH3	MG	0000	43.4239990959	124	CSD012	None	1885.64369748			NSC		
125	68.9895582549		4	mg/L	-88	NPA	1	CSD	RT	62.9428571429	35		A	PERCENTAGE	2013-08-23	RFNH3	MG	0000	43.4239990959	125	CSD012	None	1885.64369748			NSC		
126	68.9895582549		4	mg/L	-88	NPA	1	CSD	RT	62.9428571429	35		A	PERCENTAGE	2013-08-23	RFNH3	MG	0000	43.4239990959	126	CSD012	None	1885.64369748			NSC		
127	68.9895582549		4	mg/L	-88	NPA	1	CSD	RT	62.9428571429	35		A	PERCENTAGE	2013-08-23	RFNH3	MG	0000	43.4239990959	127	CSD012	None	1885.64369748			NSC		
128	68.9895582549		4	mg/L	-88	NPA	1	CSD	RT	62.9428571429	35		A	PERCENTAGE	2013-08-23	RFNH3	MG	0000	43.4239990959	128	CSD012	None	1885.64369748			NSC		
129	68.9895582549		6	mg/L	-88	NPA	1	CSD	RT	62.9428571429	35		A	PERCENTAGE	2013-08-23	RFNH3	MG	0000	43.4239990959	129	CSD012	None	1885.64369748			NSC		
130	68.9895582549		6	mg/L	-88	NPA	1	CSD	RT	62.9428571429	35		A	PERCENTAGE	2013-08-23	RFNH3	MG	0000	43.4239990959	130	CSD012	None	1885.64369748			NSC		
131	68.9895582549		6	mg/L	-88	NPA	1	CSD	RT	62.9428571429	35		A	PERCENTAGE	2013-08-23	RFNH3	MG	0000	43.4239990959	131	CSD012	None	1885.64369748			NSC		
132	68.9895582549		6	mg/L	-88	NPA	1	CSD	RT	62.9428571429	35		A	PERCENTAGE	2013-08-23	RFNH3	MG	0000	43.4239990959	132	CSD012	None	1885.64369748			NSC		
133	68.9895582549		6	mg/L	-88	NPA	1	CSD	RT	62.9428571429	35		A	PERCENTAGE	2013-08-23	RFNH3	MG	0000	43.4239990959	133	CSD012	None	1885.64369748			NSC		
134	68.9895582549		8	mg/L	-88	NPA	1	CSD	RT	62.9428571429	35		A	PERCENTAGE	2013-08-23	RFNH3	MG	0000	43.4239990959	134	CSD012	None	1885.64369748			NSC		
135	68.9895582549		8	mg/L	-88	NPA	1	CSD	RT	62.9428571429	35		A	PERCENTAGE	2013-08-23	RFNH3	MG	0000	43.4239990959	135	CSD012	None	1885.64369748			NSC		
136	68.9895582549		8	mg/L	-88	NPA	1	CSD	RT	62.9428571429	35		A	PERCENTAGE	2013-08-23	RFNH3	MG	0000	43.4239990959	136	CSD012	None	1885.64369748			NSC		
137	68.9895582549		8	mg/L	-88	NPA	1	CSD	RT	62.9428571429	35		A	PERCENTAGE	2013-08-23	RFNH3	MG	0000	43.4239990959	137	CSD012	None	1885.64369748			NSC		
138	68.9895582549		8	mg/L	-88	NPA	1	CSD	RT	62.9428571429	35		A	PERCENTAGE	2013-08-23	RFNH3	MG	0000	43.4239990959	138	CSD012	None	1885.64369748			NSC		
139	68.9895582549		10	mg/L	-88	NPA	1	CSD	RT	62.9428571429	35		A	PERCENTAGE	2013-08-23	RFNH3	MG	0000	43.4239990959	139	CSD012	None	1885.64369748			NSC		
140	68.9895582549		10	mg/L	-88	NPA	1	CSD	RT	62.9428571429	35		A	PERCENTAGE	2013-08-23	RFNH3	MG	0000	43.4239990959	140	CSD012	None	1885.64369748			NSC		
141	68.9895582549		10	mg/L	-88	NPA	1	CSD	RT	62.9428571429	35		A	PERCENTAGE	2013-08-23	RFNH3	MG	0000	43.4239990959	141	CSD012	None	1885.64369748			NSC		
142	68.9895582549		10	mg/L	-88	NPA	1	CSD	RT	62.9428571429	35		A	PERCENTAGE	2013-08-23	RFNH3	MG	0000	43.4239990959	142	CSD012	None	1885.64369748			NSC		
143	68.9895582549		10	mg/L	-88	NPA	1	CSD	RT	62.9428571429	35		A	PERCENTAGE	2013-08-23	RFNH3	MG	0000	43.4239990959	143	CSD012	None	1885.64369748			NSC		
144	68.9895582549		20	mg/L	-88	NPA	1	CSD	RT	62.9428571429	35		A	PERCENTAGE	2013-08-23	RFNH3	MG	0000	43.4239990959	144	CSD012	None	1885.64369748			NSC		
145	68.9895582549		20	mg/L	-88	NPA	1	CSD	RT	62.9428571429	35		A	PERCENTAGE	2013-08-23	RFNH3	MG	0000	43.4239990959	145	CSD012	None	1885.64369748			NSC		
146	68.9895582549		20	mg/L	-88	NPA	1	CSD	RT	62.9428571429	35		A	PERCENTAGE	2013-08-23	RFNH3	MG	0000	43.4239990959	146	CSD012	None	1885.64369748			NSC		
147	68.9895582549		20	mg/L	-88	NPA	1	CSD	RT	62.9428571429	35		A	PERCENTAGE	2013-08-23	RFNH3	MG	0000	43.4239990959	147	CSD012	None	1885.64369748			NSC		
148	68.9895582549		20	mg/L	-88	NPA	1	CSD	RT	62.9428571429	35		A	PERCENTAGE	2013-08-23	RFNH3	MG	0000	43.4239990959	148	CSD012	None	1885.64369748			NSC		
149	9.44112928225		-88	NR	-88	NPA	1	CSD	SWI	73.0	5	100.0	A	PERCENTAGE	2013-09-18	CNEG	MG	0000	6.89202437605	149	CSD013	None	47.5	0.0	0.5	X		
150	9.44112928225		-88	NR	-88	NPA	1	CSD	SWI	73.0	5	100.0	A	PERCENTAGE	2013-09-18	CNEG	MG	0000	6.89202437605	150	CSD013	None	47.5	0.0	0.5	X		
151	9.44112928225		-88	NR	-88	NPA	1	CSD	SWI	73.0	5	100.0	A	PERCENTAGE	2013-09-18	CNEG	MG	0000	6.89202437605	151	CSD013	None	47.5	0.0	0.5	X		
152	9.44112928225		-88	NR	-88	NPA	1	CSD	SWI	73.0	5	100.0	A	PERCENTAGE	2013-09-18	CNEG	MG	0000	6.89202437605	152	CSD013	None	47.5	0.0	0.5	X		
153	9.44112928225		-88	NR	-88	NPA	1	CSD	SWI	73.0	5	100.0	A	PERCENTAGE	2013-09-18	CNEG	MG	0000	6.89202437605	153	CSD013	None	47.5	0.0	0.5	X		
154	71.6580828188		0	mg/L	-88	NPA	1	CSD	RT	51.8	35		A	PERCENTAGE	2013-09-18	RFNH3	MG	0000	37.1188869001	154	CSD014	None	1377.81176471			NSC		
155	71.6580828188		0	mg/L	-88	NPA	1	CSD	RT	51.8	35		A	PERCENTAGE	2013-09-18	RFNH3	MG	0000	37.1188869001	155	CSD014	None	1377.81176471			NSC		
156	71.6580828188		0	mg/L	-88	NPA	1	CSD	RT	51.8	35		A	PERCENTAGE	2013-09-18	RFNH3	MG	0000	37.1188869001	156	CSD014	None	1377.81176471			NSC		
157	71.6580828188		0	mg/L	-88	NPA	1	CSD	RT	51.8	35		A	PERCENTAGE	2013-09-18	RFNH3	MG	0000	37.1188869001	157	CSD014	None	1377.81176471			NSC		
158	71.6580828188		0	mg/L	-88	NPA	1	CSD	RT	51.8	35		A	PERCENTAGE	2013-09-18	RFNH3	MG	0000	37.1188869001	158	CSD014	None	1377.81176471			NSC		
159	71.6580828188		2	mg/L	-88	NPA	1	CSD	RT	51.8	35		A	PERCENTAGE	2013-09-18	RFNH3	MG	0000	37.1188869001	159	CSD014	None	1377.81176471			NSC		
160	71.6580828188		2	mg/L	-88	NPA	1	CSD	RT	51.8	35		A	PERCENTAGE	2013-09-18	RFNH3	MG	0000	37.1188869001	160	CSD014	None	1377.81176471			NSC		
161	71.6580828188		2	mg/L	-88	NPA	1	CSD	RT	51.8	35		A	PERCENTAGE	2013-09-18	RFNH3	MG	0000	37.1188869001	161	CSD014	None	1377.81176471			NSC		
162	71.6580828188		2	mg/L	-88	NPA	1	CSD	RT	51.8	35		A	PERCENTAGE	2013-09-18	RFNH3	MG	0000	37.1188869001	162	CSD014	None	1377.81176471			NSC		
163	71.6580828188		2	mg/L	-88	NPA	1	CSD	RT	51.8	35		A	PERCENTAGE	2013-09-18	RFNH3	MG	0000	37.1188869001	163	CSD014	None	1377.81176471			NSC		
164	71.6580828188		4	mg/L	-88	NPA	1	CSD	RT	51.8	35		A	PERCENTAGE	2013-09-18	RFNH3	MG	0000	37.1188869001	164	CSD014	None	1377.81176471			NSC		
165	71.6580828188		4	mg/L	-88	NPA	1	CSD	RT	51.8	35		A	PERCENTAGE	2013-09-18	RFNH3	MG	0000	37.1188869001	165	CSD014	None	1377.81176471			NSC		
166	71.6580828188		4	mg/L	-88	NPA	1	CSD	RT	51.8	35		A	PERCENTAGE	2013-09-18	RFNH3	MG	0000	37.1188869001	166	CSD014	None	1377.81176471			NSC		
167	71.6580828188		4	mg/L	-88	NPA	1	CSD	RT	51.8	35		A	PERCENTAGE	2013-09-18	RFNH3	MG	0000	37.1188869001	167	CSD014	None	1377.81176471			NSC		
168	71.6580828188		4	mg/L	-88	NPA	1	CSD	RT	51.8	35		A	PERCENTAGE	2013-09-18	RFNH3	MG	0000	37.1188869001	168	CSD014	None	1377.81176471			NSC		
169	71.6580828188		6	mg/L	-88	NPA	1	CSD	RT	51.8	35		A	PERCENTAGE	2013-09-18	RFNH3	MG	0000	37.1188869001	169	CSD014	None	1377.81176471			NSC		
170	71.6580828188		6	mg/L	-88	NPA	1	CSD	RT	51.8	35		A	PERCENTAGE	2013-09-18	RFNH3	MG	0000	37.1188869001	170	CSD014	None	1377.81176471			NSC		
171	71.6580828188		6	mg/L	-88	NPA	1	CSD	RT	51.8	35		A	PERCENTAGE	2013-09-18	RFNH3	MG	0000	37.1188869001	171	CSD014	None	1377.81176471			NSC		
172	71.6580828188		6	mg/L	-88	NPA	1	CSD	RT	51.8	35		A	PERCENTAGE	2013-09-18	RFNH3	MG	0000	37.1188869001	172	CSD014	None	1377.81176471			NSC		
173	71.6580828188		6	mg/L	-88	NPA	1	CSD	RT	51.8	35		A	PERCENTAGE	2013-09-18	RFNH3	MG	0000	37.1188869001	173	CSD014	None	1377.81176471			NSC		
174	71.6580828188		8	mg/L	-88	NPA	1	CSD	RT	51.8	35		A	PERCENTAGE	2013-09-18	RFNH3	MG	0000	37.1188869001	174	CSD014	None	1377.81176471			NSC		
175	71.6580828188		8	mg/L	-88	NPA	1	CSD	RT	51.8	35		A	PERCENTAGE	2013-09-18	RFNH3	MG	0000	37.1188869001	175	CSD014	None	1377.81176471			NSC		
176	71.6580828188		8	mg/L	-88	NPA	1	CSD	RT	51.8	35		A	PERCENTAGE	2013-09-18	RFNH3	MG	0000	37.1188869001	176	CSD014	None	1377.81176471			NSC		
177	71.6580828188		8	mg/L	-88	NPA	1	CSD	RT	51.8	35		A	PERCENTAGE	2013-09-18	RFNH3	MG	0000	37.1188869001	177	CSD014	None	1377.81176471			NSC		
178	71.6580828188		8	mg/L	-88	NPA	1	CSD	RT	51.8	35		A	PERCENTAGE	2013-09-18	RFNH3	MG	0000	37.1188869001	178	CSD014	None	1377.81176471			NSC		
179	71.6580828188		10	mg/L	-88	NPA	1	CSD	RT	51.8	35		A	PERCENTAGE	2013-09-18	RFNH3	MG	0000	37.1188869001	179	CSD014	None	1377.81176471			NSC		
180	71.6580828188		10	mg/L	-88	NPA	1	CSD	RT	51.8	35		A	PERCENTAGE	2013-09-18	RFNH3	MG	0000	37.1188869001	180	CSD014	None	1377.81176471			NSC		
181	71.6580828188		10	mg/L	-88	NPA	1	CSD	RT	51.8	35		A	PERCENTAGE	2013-09-18	RFNH3	MG	0000	37.1188869001	181	CSD014	None	1377.81176471			NSC		
182	71.6580828188		10	mg/L	-88	NPA	1	CSD	RT	51.8	35		A	PERCENTAGE	2013-09-18	RFNH3	MG	0000	37.1188869001	182	CSD014	None	1377.81176471			NSC		
183	71.6580828188		10	mg/L	-88	NPA	1	CSD	RT	51.8	35		A	PERCENTAGE	2013-09-18	RFNH3	MG	0000	37.1188869001	183	CSD014	None	1377.81176471			NSC		
184	71.6580828188		20	mg/L	-88	NPA	1	CSD	RT	51.8	35		A	PERCENTAGE	2013-09-18	RFNH3	MG	0000	37.1188869001	184	CSD014	None	1377.81176471			NSC		
185	71.6580828188		20	mg/L	-88	NPA	1	CSD	RT	51.8	35		A	PERCENTAGE	2013-09-18	RFNH3	MG	0000	37.1188869001	185	CSD014	None	1377.81176471			NSC		
186	71.6580828188		20	mg/L	-88	NPA	1	CSD	RT	51.8	35		A	PERCENTAGE	2013-09-18	RFNH3	MG	0000	37.1188869001	186	CSD014	None	1377.81176471			NSC		
187	71.6580828188		20	mg/L	-88	NPA	1	CSD	RT	51.8	35		A	PERCENTAGE	2013-09-18	RFNH3	MG	0000	37.1188869001	187	CSD014	None	1377.81176471			NSC		
188	71.6580828188		20	mg/L	-88	NPA	1	CSD	RT	51.8	35		A	PERCENTAGE	2013-09-18	RFNH3	MG	0000	37.1188869001	188	CSD014	None	1377.81176471			NSC		
189	14.2520164285		-88	NR	-88	NPA	1	CSD	SWI	80.4	5		A	PERCENTAGE	2013-07-26	Grab	MG	B13-8286	11.4586212085	189	CSD009	None	131.3			NSC		
190	14.2520164285		-88	NR	-88	NPA	1	CSD	SWI	80.4	5		A	PERCENTAGE	2013-07-26	Grab	MG	B13-8286	11.4586212085	190	CSD009	None	131.3			NSC		
191	14.2520164285		-88	NR	-88	NPA	1	CSD	SWI	80.4	5		A	PERCENTAGE	2013-07-26	Grab	MG	B13-8286	11.4586212085	191	CSD009	None	131.3			NSC		
192	14.2520164285		-88	NR	-88	NPA	1	CSD	SWI	80.4	5		A	PERCENTAGE	2013-07-26	Grab	MG	B13-8286	11.4586212085	192	CSD009	None	131.3			NSC		
193	14.2520164285		-88	NR	-88	NPA	1	CSD	SWI	80.4	5		A	PERCENTAGE	2013-07-26	Grab	MG	B13-8286	11.4586212085	193	CSD009	None	131.3			NSC		
194	71.1819104408		-88	NR	-88	NPA	1	CSD	SWI	46.6	5		A	PERCENTAGE	2013-07-26	Grab	MG	B13-8287	33.1707702654	194	CSD009	None	1100.3			NSC		
195	71.1819104408		-88	NR	-88	NPA	1	CSD	SWI	46.6	5		A	PERCENTAGE	2013-07-26	Grab	MG	B13-8287	33.1707702654	195	CSD009	None	1100.3			NSC		
196	71.1819104408		-88	NR	-88	NPA	1	CSD	SWI	46.6	5		A	PERCENTAGE	2013-07-26	Grab	MG	B13-8287	33.1707702654	196	CSD009	None	1100.3			NSC		
197	71.1819104408		-88	NR	-88	NPA	1	CSD	SWI	46.6	5		A	PERCENTAGE	2013-07-26	Grab	MG	B13-8287	33.1707702654	197	CSD009	None	1100.3			NSC		
198	71.1819104408		-88	NR	-88	NPA	1	CSD	SWI	46.6	5		A	PERCENTAGE	2013-07-26	Grab	MG	B13-8287	33.1707702654	198	CSD009	None	1100.3			NSC		
199	88.6741404077		-88	NR	-88	NPA	1	CSD	SWI	34.2	5	46.8493150685	A	PERCENTAGE	2013-09-12	Grab	MG	B13-8295	30.3265560194	199	CSD013	None	919.7	2.78970694643	0.0220892740949	SC		
200	88.6741404077		-88	NR	-88	NPA	1	CSD	SWI	34.2	5	46.8493150685	A	PERCENTAGE	2013-09-12	Grab	MG	B13-8295	30.3265560194	200	CSD013	None	919.7	2.78970694643	0.0220892740949	SC		
201	88.6741404077		-88	NR	-88	NPA	1	CSD	SWI	34.2	5	46.8493150685	A	PERCENTAGE	2013-09-12	Grab	MG	B13-8295	30.3265560194	201	CSD013	None	919.7	2.78970694643	0.0220892740949	SC		
202	88.6741404077		-88	NR	-88	NPA	1	CSD	SWI	34.2	5	46.8493150685	A	PERCENTAGE	2013-09-12	Grab	MG	B13-8295	30.3265560194	202	CSD013	None	919.7	2.78970694643	0.0220892740949	SC		
203	88.6741404077		-88	NR	-88	NPA	1	CSD	SWI	34.2	5	46.8493150685	A	PERCENTAGE	2013-09-12	Grab	MG	B13-8295	30.3265560194	203	CSD013	None	919.7	2.78970694643	0.0220892740949	SC		
204	16.3876382527		-88	NR	-88	NPA	1	CSD	SWI	64.0	5	87.6712328767	A	PERCENTAGE	2013-09-12	Grab	MG	B13-8298	10.4880884817	204	CSD013	None	110.0	1.60356745147	0.0766952605088	NSC		
205	16.3876382527		-88	NR	-88	NPA	1	CSD	SWI	64.0	5	87.6712328767	A	PERCENTAGE	2013-09-12	Grab	MG	B13-8298	10.4880884817	205	CSD013	None	110.0	1.60356745147	0.0766952605088	NSC		
206	16.3876382527		-88	NR	-88	NPA	1	CSD	SWI	64.0	5	87.6712328767	A	PERCENTAGE	2013-09-12	Grab	MG	B13-8298	10.4880884817	206	CSD013	None	110.0	1.60356745147	0.0766952605088	NSC		
207	16.3876382527		-88	NR	-88	NPA	1	CSD	SWI	64.0	5	87.6712328767	A	PERCENTAGE	2013-09-12	Grab	MG	B13-8298	10.4880884817	207	CSD013	None	110.0	1.60356745147	0.0766952605088	NSC		
208	16.3876382527		-88	NR	-88	NPA	1	CSD	SWI	64.0	5	87.6712328767	A	PERCENTAGE	2013-09-12	Grab	MG	B13-8298	10.4880884817	208	CSD013	None	110.0	1.60356745147	0.0766952605088	NSC		
209	19.5912127425		-88	NR	-88	NPA	1	CSD	SWI	72.6	5	99.4520547945	A	PERCENTAGE	2013-09-12	Grab	MG	B13-8301	14.2232204511	209	CSD013	None	202.3	0.0565911834974	0.478388043037	NSC		
210	19.5912127425		-88	NR	-88	NPA	1	CSD	SWI	72.6	5	99.4520547945	A	PERCENTAGE	2013-09-12	Grab	MG	B13-8301	14.2232204511	210	CSD013	None	202.3	0.0565911834974	0.478388043037	NSC		
211	19.5912127425		-88	NR	-88	NPA	1	CSD	SWI	72.6	5	99.4520547945	A	PERCENTAGE	2013-09-12	Grab	MG	B13-8301	14.2232204511	211	CSD013	None	202.3	0.0565911834974	0.478388043037	NSC		
212	19.5912127425		-88	NR	-88	NPA	1	CSD	SWI	72.6	5	99.4520547945	A	PERCENTAGE	2013-09-12	Grab	MG	B13-8301	14.2232204511	212	CSD013	None	202.3	0.0565911834974	0.478388043037	NSC		
213	19.5912127425		-88	NR	-88	NPA	1	CSD	SWI	72.6	5	99.4520547945	A	PERCENTAGE	2013-09-12	Grab	MG	B13-8301	14.2232204511	213	CSD013	None	202.3	0.0565911834974	0.478388043037	NSC		
214	17.7981945358		-88	NR	-88	NPA	1	CSD	SWI	82.0	5	136.666666667	A	PERCENTAGE	2013-07-03	Grab	MG	B13-8315	14.5945195193	214	CSD005	None	213.0	-3.3706827717	0.0140130005885	NSC		
215	17.7981945358		-88	NR	-88	NPA	1	CSD	SWI	82.0	5	136.666666667	A	PERCENTAGE	2013-07-03	Grab	MG	B13-8315	14.5945195193	215	CSD005	None	213.0	-3.3706827717	0.0140130005885	NSC		
216	17.7981945358		-88	NR	-88	NPA	1	CSD	SWI	82.0	5	136.666666667	A	PERCENTAGE	2013-07-03	Grab	MG	B13-8315	14.5945195193	216	CSD005	None	213.0	-3.3706827717	0.0140130005885	NSC		
217	17.7981945358		-88	NR	-88	NPA	1	CSD	SWI	82.0	5	136.666666667	A	PERCENTAGE	2013-07-03	Grab	MG	B13-8315	14.5945195193	217	CSD005	None	213.0	-3.3706827717	0.0140130005885	NSC		
218	17.7981945358		-88	NR	-88	NPA	1	CSD	SWI	82.0	5	136.666666667	A	PERCENTAGE	2013-07-03	Grab	MG	B13-8315	14.5945195193	218	CSD005	None	213.0	-3.3706827717	0.0140130005885	NSC		
219	27.9851799574		-88	NR	-88	NPA	1	CSD	SWI	63.4	5	86.8493150685	A	PERCENTAGE	2013-09-06	Grab	MG	B13-8321	17.742604093	219	CSD013	None	314.8	1.12777397445	0.154462131271	NSC		
220	27.9851799574		-88	NR	-88	NPA	1	CSD	SWI	63.4	5	86.8493150685	A	PERCENTAGE	2013-09-06	Grab	MG	B13-8321	17.742604093	220	CSD013	None	314.8	1.12777397445	0.154462131271	NSC		
221	27.9851799574		-88	NR	-88	NPA	1	CSD	SWI	63.4	5	86.8493150685	A	PERCENTAGE	2013-09-06	Grab	MG	B13-8321	17.742604093	221	CSD013	None	314.8	1.12777397445	0.154462131271	NSC		
222	27.9851799574		-88	NR	-88	NPA	1	CSD	SWI	63.4	5	86.8493150685	A	PERCENTAGE	2013-09-06	Grab	MG	B13-8321	17.742604093	222	CSD013	None	314.8	1.12777397445	0.154462131271	NSC		
223	27.9851799574		-88	NR	-88	NPA	1	CSD	SWI	63.4	5	86.8493150685	A	PERCENTAGE	2013-09-06	Grab	MG	B13-8321	17.742604093	223	CSD013	None	314.8	1.12777397445	0.154462131271	NSC		
224	14.2628180189	"Summary: coefficient Variance should not be greater than 11.9 where Species is equal to ""Eohaustorius estuaries"" or ""EE"" and SampleTypeCode is equal to ""CNEG"""	-88	NR	-88	SP10	1	CSD	BS	76.0	5	100.0	A	PERCENTAGE	2013-07-15	CNEG	EE	B13-8325	10.8397416943	224	CSD007	None	117.5	0.370328039909	0.36192312185	X	224	"{""column"": ""Mean"", ""error_type"": ""Custom Toxicity"", ""error"": ""Does not meet control acceptability criterion; mean control value < 90""},{""column"": ""CoefficientVariance"", ""error_type"": ""Custom Toxicity"", ""error"": ""Does not meet control acceptability criterion; coefficient value > 11.9""}"
225	14.2628180189	"Summary: coefficient Variance should not be greater than 11.9 where Species is equal to ""Eohaustorius estuaries"" or ""EE"" and SampleTypeCode is equal to ""CNEG"""	-88	NR	-88	SP10	1	CSD	BS	76.0	5	100.0	A	PERCENTAGE	2013-07-15	CNEG	EE	B13-8325	10.8397416943	225	CSD007	None	117.5	0.370328039909	0.36192312185	X	225	"{""column"": ""Mean"", ""error_type"": ""Custom Toxicity"", ""error"": ""Does not meet control acceptability criterion; mean control value < 90""},{""column"": ""CoefficientVariance"", ""error_type"": ""Custom Toxicity"", ""error"": ""Does not meet control acceptability criterion; coefficient value > 11.9""}"
226	14.2628180189	"Summary: coefficient Variance should not be greater than 11.9 where Species is equal to ""Eohaustorius estuaries"" or ""EE"" and SampleTypeCode is equal to ""CNEG"""	-88	NR	-88	SP10	1	CSD	BS	76.0	5	100.0	A	PERCENTAGE	2013-07-15	CNEG	EE	B13-8325	10.8397416943	226	CSD007	None	117.5	0.370328039909	0.36192312185	X	226	"{""column"": ""Mean"", ""error_type"": ""Custom Toxicity"", ""error"": ""Does not meet control acceptability criterion; mean control value < 90""},{""column"": ""CoefficientVariance"", ""error_type"": ""Custom Toxicity"", ""error"": ""Does not meet control acceptability criterion; coefficient value > 11.9""}"
227	14.2628180189	"Summary: coefficient Variance should not be greater than 11.9 where Species is equal to ""Eohaustorius estuaries"" or ""EE"" and SampleTypeCode is equal to ""CNEG"""	-88	NR	-88	SP10	1	CSD	BS	76.0	5	100.0	A	PERCENTAGE	2013-07-15	CNEG	EE	B13-8325	10.8397416943	227	CSD007	None	117.5	0.370328039909	0.36192312185	X	227	"{""column"": ""Mean"", ""error_type"": ""Custom Toxicity"", ""error"": ""Does not meet control acceptability criterion; mean control value < 90""},{""column"": ""CoefficientVariance"", ""error_type"": ""Custom Toxicity"", ""error"": ""Does not meet control acceptability criterion; coefficient value > 11.9""}"
228	14.2628180189	"Summary: coefficient Variance should not be greater than 11.9 where Species is equal to ""Eohaustorius estuaries"" or ""EE"" and SampleTypeCode is equal to ""CNEG"""	-88	NR	-88	SP10	1	CSD	BS	76.0	5	100.0	A	PERCENTAGE	2013-07-15	CNEG	EE	B13-8325	10.8397416943	228	CSD007	None	117.5	0.370328039909	0.36192312185	X	228	"{""column"": ""Mean"", ""error_type"": ""Custom Toxicity"", ""error"": ""Does not meet control acceptability criterion; mean control value < 90""},{""column"": ""CoefficientVariance"", ""error_type"": ""Custom Toxicity"", ""error"": ""Does not meet control acceptability criterion; coefficient value > 11.9""}"
229	18.7277372398		-88	NR	-88	NPA	1	CSD	SWI	60.6	5	83.0136986301	A	PERCENTAGE	2013-09-06	Grab	MG	B13-8328	11.3490087673	229	CSD013	None	128.8	2.08824058091	0.0387963310038	NSC		
230	18.7277372398		-88	NR	-88	NPA	1	CSD	SWI	60.6	5	83.0136986301	A	PERCENTAGE	2013-09-06	Grab	MG	B13-8328	11.3490087673	230	CSD013	None	128.8	2.08824058091	0.0387963310038	NSC		
231	18.7277372398		-88	NR	-88	NPA	1	CSD	SWI	60.6	5	83.0136986301	A	PERCENTAGE	2013-09-06	Grab	MG	B13-8328	11.3490087673	231	CSD013	None	128.8	2.08824058091	0.0387963310038	NSC		
232	18.7277372398		-88	NR	-88	NPA	1	CSD	SWI	60.6	5	83.0136986301	A	PERCENTAGE	2013-09-06	Grab	MG	B13-8328	11.3490087673	232	CSD013	None	128.8	2.08824058091	0.0387963310038	NSC		
233	18.7277372398		-88	NR	-88	NPA	1	CSD	SWI	60.6	5	83.0136986301	A	PERCENTAGE	2013-09-06	Grab	MG	B13-8328	11.3490087673	233	CSD013	None	128.8	2.08824058091	0.0387963310038	NSC		
234	9.73364165484		-88	NR	-88	NPA	1	CSD	SWI	71.4	5	97.8082191781	A	PERCENTAGE	2013-09-06	Grab	MG	B13-8338	6.94982014156	234	CSD013	None	48.3	0.365529329908	0.362096490461	NSC		
235	9.73364165484		-88	NR	-88	NPA	1	CSD	SWI	71.4	5	97.8082191781	A	PERCENTAGE	2013-09-06	Grab	MG	B13-8338	6.94982014156	235	CSD013	None	48.3	0.365529329908	0.362096490461	NSC		
236	9.73364165484		-88	NR	-88	NPA	1	CSD	SWI	71.4	5	97.8082191781	A	PERCENTAGE	2013-09-06	Grab	MG	B13-8338	6.94982014156	236	CSD013	None	48.3	0.365529329908	0.362096490461	NSC		
237	9.73364165484		-88	NR	-88	NPA	1	CSD	SWI	71.4	5	97.8082191781	A	PERCENTAGE	2013-09-06	Grab	MG	B13-8338	6.94982014156	237	CSD013	None	48.3	0.365529329908	0.362096490461	NSC		
238	9.73364165484		-88	NR	-88	NPA	1	CSD	SWI	71.4	5	97.8082191781	A	PERCENTAGE	2013-09-06	Grab	MG	B13-8338	6.94982014156	238	CSD013	None	48.3	0.365529329908	0.362096490461	NSC		
239	91.2870929175	Summary: check for data entry errors if the standard deviation for a sample exceeds 50	-88	NR	-88	NPA	1	CSD	SWI	60.0	5	100.0	A	PERCENTAGE	2013-07-03	Grab	MG	B13-8350	54.7722557505	239	CSD005	None	3000.0	0.0	0.5	NSC	239	"{""column"": ""StdDev"", ""error_type"": ""Custom Toxicity"", ""error"": ""Warning standard deviation exceeds 50.""}"
240	91.2870929175	Summary: check for data entry errors if the standard deviation for a sample exceeds 51	-88	NR	-88	NPA	1	CSD	SWI	60.0	5	100.0	A	PERCENTAGE	2013-07-03	Grab	MG	B13-8350	54.7722557505	240	CSD005	None	3000.0	0.0	0.5	NSC	240	"{""column"": ""StdDev"", ""error_type"": ""Custom Toxicity"", ""error"": ""Warning standard deviation exceeds 50.""}"
241	91.2870929175	Summary: check for data entry errors if the standard deviation for a sample exceeds 52	-88	NR	-88	NPA	1	CSD	SWI	60.0	5	100.0	A	PERCENTAGE	2013-07-03	Grab	MG	B13-8350	54.7722557505	241	CSD005	None	3000.0	0.0	0.5	NSC	241	"{""column"": ""StdDev"", ""error_type"": ""Custom Toxicity"", ""error"": ""Warning standard deviation exceeds 50.""}"
242	91.2870929175	Summary: check for data entry errors if the standard deviation for a sample exceeds 53	-88	NR	-88	NPA	1	CSD	SWI	60.0	5	100.0	A	PERCENTAGE	2013-07-03	Grab	MG	B13-8350	54.7722557505	242	CSD005	None	3000.0	0.0	0.5	NSC	242	"{""column"": ""StdDev"", ""error_type"": ""Custom Toxicity"", ""error"": ""Warning standard deviation exceeds 50.""}"
243	91.2870929175	Summary: check for data entry errors if the standard deviation for a sample exceeds 54	-88	NR	-88	NPA	1	CSD	SWI	60.0	5	100.0	A	PERCENTAGE	2013-07-03	Grab	MG	B13-8350	54.7722557505	243	CSD005	None	3000.0	0.0	0.5	NSC	243	"{""column"": ""StdDev"", ""error_type"": ""Custom Toxicity"", ""error"": ""Warning standard deviation exceeds 50.""}"
244	20.9803583035		-88	NR	-88	NPA	1	CSD	SWI	83.2	5	91.0284463895	A	PERCENTAGE	2013-08-09	Grab	MG	B13-8372	17.4556581085	244	CSD011	None	304.7	0.774136284851	0.230637062846	NSC		
245	20.9803583035		-88	NR	-88	NPA	1	CSD	SWI	83.2	5	91.0284463895	A	PERCENTAGE	2013-08-09	Grab	MG	B13-8372	17.4556581085	245	CSD011	None	304.7	0.774136284851	0.230637062846	NSC		
246	20.9803583035		-88	NR	-88	NPA	1	CSD	SWI	83.2	5	91.0284463895	A	PERCENTAGE	2013-08-09	Grab	MG	B13-8372	17.4556581085	246	CSD011	None	304.7	0.774136284851	0.230637062846	NSC		
247	20.9803583035		-88	NR	-88	NPA	1	CSD	SWI	83.2	5	91.0284463895	A	PERCENTAGE	2013-08-09	Grab	MG	B13-8372	17.4556581085	247	CSD011	None	304.7	0.774136284851	0.230637062846	NSC		
248	20.9803583035		-88	NR	-88	NPA	1	CSD	SWI	83.2	5	91.0284463895	A	PERCENTAGE	2013-08-09	Grab	MG	B13-8372	17.4556581085	248	CSD011	None	304.7	0.774136284851	0.230637062846	NSC		
249	4.58519442586		-88	NR	-88	NPA	1	CSD	SWI	96.8	5	105.90809628	A	PERCENTAGE	2013-08-09	Grab	MG	B13-8383	4.43846820423	249	CSD011	None	19.7	-0.726815567779	0.251267284958	NSC		
250	4.58519442586		-88	NR	-88	NPA	1	CSD	SWI	96.8	5	105.90809628	A	PERCENTAGE	2013-08-09	Grab	MG	B13-8383	4.43846820423	250	CSD011	None	19.7	-0.726815567779	0.251267284958	NSC		
251	4.58519442586		-88	NR	-88	NPA	1	CSD	SWI	96.8	5	105.90809628	A	PERCENTAGE	2013-08-09	Grab	MG	B13-8383	4.43846820423	251	CSD011	None	19.7	-0.726815567779	0.251267284958	NSC		
252	4.58519442586		-88	NR	-88	NPA	1	CSD	SWI	96.8	5	105.90809628	A	PERCENTAGE	2013-08-09	Grab	MG	B13-8383	4.43846820423	252	CSD011	None	19.7	-0.726815567779	0.251267284958	NSC		
253	4.58519442586		-88	NR	-88	NPA	1	CSD	SWI	96.8	5	105.90809628	A	PERCENTAGE	2013-08-09	Grab	MG	B13-8383	4.43846820423	253	CSD011	None	19.7	-0.726815567779	0.251267284958	NSC		
254	23.4239347333		-88	NR	-88	NPA	1	CSD	SWI	78.8	5	131.333333333	A	PERCENTAGE	2013-07-03	Grab	MG	B13-8388	18.4580605698	254	CSD005	None	340.7	-2.27749160417	0.0425107652361	NSC		
255	23.4239347333		-88	NR	-88	NPA	1	CSD	SWI	78.8	5	131.333333333	A	PERCENTAGE	2013-07-03	Grab	MG	B13-8388	18.4580605698	255	CSD005	None	340.7	-2.27749160417	0.0425107652361	NSC		
256	23.4239347333		-88	NR	-88	NPA	1	CSD	SWI	78.8	5	131.333333333	A	PERCENTAGE	2013-07-03	Grab	MG	B13-8388	18.4580605698	256	CSD005	None	340.7	-2.27749160417	0.0425107652361	NSC		
257	23.4239347333		-88	NR	-88	NPA	1	CSD	SWI	78.8	5	131.333333333	A	PERCENTAGE	2013-07-03	Grab	MG	B13-8388	18.4580605698	257	CSD005	None	340.7	-2.27749160417	0.0425107652361	NSC		
258	23.4239347333		-88	NR	-88	NPA	1	CSD	SWI	78.8	5	131.333333333	A	PERCENTAGE	2013-07-03	Grab	MG	B13-8388	18.4580605698	258	CSD005	None	340.7	-2.27749160417	0.0425107652361	NSC		
259	18.1039377342		-88	NR	-88	NPA	1	CSD	SWI	86.6	5	94.7483588621	A	PERCENTAGE	2013-08-09	Grab	MG	B13-8389	15.6780100778	259	CSD011	None	245.8	0.478995164127	0.322383106324	NSC		
260	18.1039377342		-88	NR	-88	NPA	1	CSD	SWI	86.6	5	94.7483588621	A	PERCENTAGE	2013-08-09	Grab	MG	B13-8389	15.6780100778	260	CSD011	None	245.8	0.478995164127	0.322383106324	NSC		
261	18.1039377342		-88	NR	-88	NPA	1	CSD	SWI	86.6	5	94.7483588621	A	PERCENTAGE	2013-08-09	Grab	MG	B13-8389	15.6780100778	261	CSD011	None	245.8	0.478995164127	0.322383106324	NSC		
262	18.1039377342		-88	NR	-88	NPA	1	CSD	SWI	86.6	5	94.7483588621	A	PERCENTAGE	2013-08-09	Grab	MG	B13-8389	15.6780100778	262	CSD011	None	245.8	0.478995164127	0.322383106324	NSC		
263	18.1039377342		-88	NR	-88	NPA	1	CSD	SWI	86.6	5	94.7483588621	A	PERCENTAGE	2013-08-09	Grab	MG	B13-8389	15.6780100778	263	CSD011	None	245.8	0.478995164127	0.322383106324	NSC		
264	55.4121482529		-88	NR	-88	NPA	1	CSD	SWI	20.6	5	28.2191780822	A	PERCENTAGE	2013-09-09	Grab	MG	B13-8391	11.4149025401	264	CSD013	None	130.3	8.78719796886	3.59459532075e-05	SC		
265	55.4121482529		-88	NR	-88	NPA	1	CSD	SWI	20.6	5	28.2191780822	A	PERCENTAGE	2013-09-09	Grab	MG	B13-8391	11.4149025401	265	CSD013	None	130.3	8.78719796886	3.59459532075e-05	SC		
266	55.4121482529		-88	NR	-88	NPA	1	CSD	SWI	20.6	5	28.2191780822	A	PERCENTAGE	2013-09-09	Grab	MG	B13-8391	11.4149025401	266	CSD013	None	130.3	8.78719796886	3.59459532075e-05	SC		
267	55.4121482529		-88	NR	-88	NPA	1	CSD	SWI	20.6	5	28.2191780822	A	PERCENTAGE	2013-09-09	Grab	MG	B13-8391	11.4149025401	267	CSD013	None	130.3	8.78719796886	3.59459532075e-05	SC		
268	55.4121482529		-88	NR	-88	NPA	1	CSD	SWI	20.6	5	28.2191780822	A	PERCENTAGE	2013-09-09	Grab	MG	B13-8391	11.4149025401	268	CSD013	None	130.3	8.78719796886	3.59459532075e-05	SC		
269	1.66312517461		-88	NR	-88	NPA	1	CSD	SWI	98.8	5	108.096280088	A	PERCENTAGE	2013-08-09	Grab	MG	B13-8394	1.64316767252	269	CSD011	None	2.7	-1.0281745266	0.180429549457	NSC		
270	1.66312517461		-88	NR	-88	NPA	1	CSD	SWI	98.8	5	108.096280088	A	PERCENTAGE	2013-08-09	Grab	MG	B13-8394	1.64316767252	270	CSD011	None	2.7	-1.0281745266	0.180429549457	NSC		
271	1.66312517461		-88	NR	-88	NPA	1	CSD	SWI	98.8	5	108.096280088	A	PERCENTAGE	2013-08-09	Grab	MG	B13-8394	1.64316767252	271	CSD011	None	2.7	-1.0281745266	0.180429549457	NSC		
272	1.66312517461		-88	NR	-88	NPA	1	CSD	SWI	98.8	5	108.096280088	A	PERCENTAGE	2013-08-09	Grab	MG	B13-8394	1.64316767252	272	CSD011	None	2.7	-1.0281745266	0.180429549457	NSC		
273	1.66312517461		-88	NR	-88	NPA	1	CSD	SWI	98.8	5	108.096280088	A	PERCENTAGE	2013-08-09	Grab	MG	B13-8394	1.64316767252	273	CSD011	None	2.7	-1.0281745266	0.180429549457	NSC		
274	223.60679775		-88	NR	-88	NPA	1	CSD	SWI	1.0	5	1.3698630137	A	PERCENTAGE	2013-09-09	Grab	MG	B13-8403	2.2360679775	274	CSD013	None	5.0	22.2196823945	2.3577042802e-06	SC		
275	223.60679775		-88	NR	-88	NPA	1	CSD	SWI	1.0	5	1.3698630137	A	PERCENTAGE	2013-09-09	Grab	MG	B13-8403	2.2360679775	275	CSD013	None	5.0	22.2196823945	2.3577042802e-06	SC		
276	223.60679775		-88	NR	-88	NPA	1	CSD	SWI	1.0	5	1.3698630137	A	PERCENTAGE	2013-09-09	Grab	MG	B13-8403	2.2360679775	276	CSD013	None	5.0	22.2196823945	2.3577042802e-06	SC		
277	223.60679775		-88	NR	-88	NPA	1	CSD	SWI	1.0	5	1.3698630137	A	PERCENTAGE	2013-09-09	Grab	MG	B13-8403	2.2360679775	277	CSD013	None	5.0	22.2196823945	2.3577042802e-06	SC		
278	223.60679775		-88	NR	-88	NPA	1	CSD	SWI	1.0	5	1.3698630137	A	PERCENTAGE	2013-09-09	Grab	MG	B13-8403	2.2360679775	278	CSD013	None	5.0	22.2196823945	2.3577042802e-06	SC		
279	21.0548298204		-88	NR	-88	NPA	1	CSD	SWI	67.0	5	91.7808219178	A	PERCENTAGE	2013-09-12	Grab	MG	B13-8407	14.1067359797	279	CSD013	None	199.0	0.854530937844	0.213327230998	NSC		
280	21.0548298204		-88	NR	-88	NPA	1	CSD	SWI	67.0	5	91.7808219178	A	PERCENTAGE	2013-09-12	Grab	MG	B13-8407	14.1067359797	280	CSD013	None	199.0	0.854530937844	0.213327230998	NSC		
281	21.0548298204		-88	NR	-88	NPA	1	CSD	SWI	67.0	5	91.7808219178	A	PERCENTAGE	2013-09-12	Grab	MG	B13-8407	14.1067359797	281	CSD013	None	199.0	0.854530937844	0.213327230998	NSC		
282	21.0548298204		-88	NR	-88	NPA	1	CSD	SWI	67.0	5	91.7808219178	A	PERCENTAGE	2013-09-12	Grab	MG	B13-8407	14.1067359797	282	CSD013	None	199.0	0.854530937844	0.213327230998	NSC		
283	21.0548298204		-88	NR	-88	NPA	1	CSD	SWI	67.0	5	91.7808219178	A	PERCENTAGE	2013-09-12	Grab	MG	B13-8407	14.1067359797	283	CSD013	None	199.0	0.854530937844	0.213327230998	NSC		
284	9.06959791627		-88	NR	-88	NPA	1	CSD	SWI	71.2	5	97.5342465753	A	PERCENTAGE	2013-09-12	Grab	MG	B13-8409	6.45755371639	284	CSD013	None	41.7	0.426162351429	0.340635359765	NSC		
285	9.06959791627		-88	NR	-88	NPA	1	CSD	SWI	71.2	5	97.5342465753	A	PERCENTAGE	2013-09-12	Grab	MG	B13-8409	6.45755371639	285	CSD013	None	41.7	0.426162351429	0.340635359765	NSC		
286	9.06959791627		-88	NR	-88	NPA	1	CSD	SWI	71.2	5	97.5342465753	A	PERCENTAGE	2013-09-12	Grab	MG	B13-8409	6.45755371639	286	CSD013	None	41.7	0.426162351429	0.340635359765	NSC		
287	9.06959791627		-88	NR	-88	NPA	1	CSD	SWI	71.2	5	97.5342465753	A	PERCENTAGE	2013-09-12	Grab	MG	B13-8409	6.45755371639	287	CSD013	None	41.7	0.426162351429	0.340635359765	NSC		
288	9.06959791627		-88	NR	-88	NPA	1	CSD	SWI	71.2	5	97.5342465753	A	PERCENTAGE	2013-09-12	Grab	MG	B13-8409	6.45755371639	288	CSD013	None	41.7	0.426162351429	0.340635359765	NSC		
289	17.2296831003		-88	NR	-88	NPA	1	CSD	SWI	60.4	5	82.7397260274	A	PERCENTAGE	2013-09-12	Grab	MG	B13-8413	10.4067285926	289	CSD013	None	108.3	2.25720924629	0.0294392264555	NSC		
290	17.2296831003		-88	NR	-88	NPA	1	CSD	SWI	60.4	5	82.7397260274	A	PERCENTAGE	2013-09-12	Grab	MG	B13-8413	10.4067285926	290	CSD013	None	108.3	2.25720924629	0.0294392264555	NSC		
291	17.2296831003		-88	NR	-88	NPA	1	CSD	SWI	60.4	5	82.7397260274	A	PERCENTAGE	2013-09-12	Grab	MG	B13-8413	10.4067285926	291	CSD013	None	108.3	2.25720924629	0.0294392264555	NSC		
292	17.2296831003		-88	NR	-88	NPA	1	CSD	SWI	60.4	5	82.7397260274	A	PERCENTAGE	2013-09-12	Grab	MG	B13-8413	10.4067285926	292	CSD013	None	108.3	2.25720924629	0.0294392264555	NSC		
293	17.2296831003		-88	NR	-88	NPA	1	CSD	SWI	60.4	5	82.7397260274	A	PERCENTAGE	2013-09-12	Grab	MG	B13-8413	10.4067285926	293	CSD013	None	108.3	2.25720924629	0.0294392264555	NSC		
294	17.4312788105		-88	NR	-88	NPA	1	CSD	SWI	68.0	5	93.1506849315	A	PERCENTAGE	2013-09-12	Grab	MG	B13-8417	11.8532695911	294	CSD013	None	140.5	0.815410091317	0.221999344664	NSC		
295	17.4312788105		-88	NR	-88	NPA	1	CSD	SWI	68.0	5	93.1506849315	A	PERCENTAGE	2013-09-12	Grab	MG	B13-8417	11.8532695911	295	CSD013	None	140.5	0.815410091317	0.221999344664	NSC		
296	17.4312788105		-88	NR	-88	NPA	1	CSD	SWI	68.0	5	93.1506849315	A	PERCENTAGE	2013-09-12	Grab	MG	B13-8417	11.8532695911	296	CSD013	None	140.5	0.815410091317	0.221999344664	NSC		
297	17.4312788105		-88	NR	-88	NPA	1	CSD	SWI	68.0	5	93.1506849315	A	PERCENTAGE	2013-09-12	Grab	MG	B13-8417	11.8532695911	297	CSD013	None	140.5	0.815410091317	0.221999344664	NSC		
298	17.4312788105		-88	NR	-88	NPA	1	CSD	SWI	68.0	5	93.1506849315	A	PERCENTAGE	2013-09-12	Grab	MG	B13-8417	11.8532695911	298	CSD013	None	140.5	0.815410091317	0.221999344664	NSC		
299			-88	NR	-88	NPA	1	CSD	SWI	0.0	5	0.0	A	PERCENTAGE	2013-07-08	Grab	MG	B13-9012	0.0	299	CSD005	None	0.0	inf	0.0	SC		
300			-88	NR	-88	NPA	1	CSD	SWI	0.0	5	0.0	A	PERCENTAGE	2013-07-08	Grab	MG	B13-9012	0.0	300	CSD005	None	0.0	inf	0.0	SC		
301			-88	NR	-88	NPA	1	CSD	SWI	0.0	5	0.0	A	PERCENTAGE	2013-07-08	Grab	MG	B13-9012	0.0	301	CSD005	None	0.0	inf	0.0	SC		
302			-88	NR	-88	NPA	1	CSD	SWI	0.0	5	0.0	A	PERCENTAGE	2013-07-08	Grab	MG	B13-9012	0.0	302	CSD005	None	0.0	inf	0.0	SC		
303			-88	NR	-88	NPA	1	CSD	SWI	0.0	5	0.0	A	PERCENTAGE	2013-07-08	Grab	MG	B13-9012	0.0	303	CSD005	None	0.0	inf	0.0	SC		
304	9.16254306613		-88	NR	-88	NPA	1	CSD	SWI	88.8	5	148.0	A	PERCENTAGE	2013-07-10	Grab	MG	B13-9025	8.13633824272	304	CSD005	None	66.2	-7.91495582298	0.000689395549158	NSC		
305	9.16254306613		-88	NR	-88	NPA	1	CSD	SWI	88.8	5	148.0	A	PERCENTAGE	2013-07-10	Grab	MG	B13-9025	8.13633824272	305	CSD005	None	66.2	-7.91495582298	0.000689395549158	NSC		
306	9.16254306613		-88	NR	-88	NPA	1	CSD	SWI	88.8	5	148.0	A	PERCENTAGE	2013-07-10	Grab	MG	B13-9025	8.13633824272	306	CSD005	None	66.2	-7.91495582298	0.000689395549158	NSC		
307	9.16254306613		-88	NR	-88	NPA	1	CSD	SWI	88.8	5	148.0	A	PERCENTAGE	2013-07-10	Grab	MG	B13-9025	8.13633824272	307	CSD005	None	66.2	-7.91495582298	0.000689395549158	NSC		
308	9.16254306613		-88	NR	-88	NPA	1	CSD	SWI	88.8	5	148.0	A	PERCENTAGE	2013-07-10	Grab	MG	B13-9025	8.13633824272	308	CSD005	None	66.2	-7.91495582298	0.000689395549158	NSC		
309	26.8554728173		-88	NR	-88	NPA	1	CSD	SWI	78.4	5	130.666666667	A	PERCENTAGE	2013-07-09	Grab	MG	B13-9037	21.0546906888	309	CSD005	None	443.3	-1.95413228312	0.0611877432147	NSC		
310	26.8554728173		-88	NR	-88	NPA	1	CSD	SWI	78.4	5	130.666666667	A	PERCENTAGE	2013-07-09	Grab	MG	B13-9037	21.0546906888	310	CSD005	None	443.3	-1.95413228312	0.0611877432147	NSC		
311	26.8554728173		-88	NR	-88	NPA	1	CSD	SWI	78.4	5	130.666666667	A	PERCENTAGE	2013-07-09	Grab	MG	B13-9037	21.0546906888	311	CSD005	None	443.3	-1.95413228312	0.0611877432147	NSC		
312	26.8554728173		-88	NR	-88	NPA	1	CSD	SWI	78.4	5	130.666666667	A	PERCENTAGE	2013-07-09	Grab	MG	B13-9037	21.0546906888	312	CSD005	None	443.3	-1.95413228312	0.0611877432147	NSC		
313	26.8554728173		-88	NR	-88	NPA	1	CSD	SWI	78.4	5	130.666666667	A	PERCENTAGE	2013-07-09	Grab	MG	B13-9037	21.0546906888	313	CSD005	None	443.3	-1.95413228312	0.0611877432147	NSC		
314	2.32923747656		-88	NR	-88	SP10	1	CSD	BS	96.0	5	126.315789474	A	PERCENTAGE	2013-07-17	Grab	EE	B13-9197	2.2360679775	314	CSD007	None	5.0	-6.97137002317	8.76170920904e-06	NSC		
315	2.32923747656		-88	NR	-88	SP10	1	CSD	BS	96.0	5	126.315789474	A	PERCENTAGE	2013-07-17	Grab	EE	B13-9197	2.2360679775	315	CSD007	None	5.0	-6.97137002317	8.76170920904e-06	NSC		
316	2.32923747656		-88	NR	-88	SP10	1	CSD	BS	96.0	5	126.315789474	A	PERCENTAGE	2013-07-17	Grab	EE	B13-9197	2.2360679775	316	CSD007	None	5.0	-6.97137002317	8.76170920904e-06	NSC		
317	2.32923747656		-88	NR	-88	SP10	1	CSD	BS	96.0	5	126.315789474	A	PERCENTAGE	2013-07-17	Grab	EE	B13-9197	2.2360679775	317	CSD007	None	5.0	-6.97137002317	8.76170920904e-06	NSC		
318	2.32923747656		-88	NR	-88	SP10	1	CSD	BS	96.0	5	126.315789474	A	PERCENTAGE	2013-07-17	Grab	EE	B13-9197	2.2360679775	318	CSD007	None	5.0	-6.97137002317	8.76170920904e-06	NSC		
319	5.26315789474		-88	NR	-88	SP10	1	CSD	BS	95.0	5	125.0	A	PERCENTAGE	2013-07-09	Grab	EE	B8	5.0	319	CSD007	None	25.0	-5.20516570341	0.000123245276339	NSC		
320	5.26315789474		-88	NR	-88	SP10	1	CSD	BS	95.0	5	125.0	A	PERCENTAGE	2013-07-09	Grab	EE	B8	5.0	320	CSD007	None	25.0	-5.20516570341	0.000123245276339	NSC		
321	5.26315789474		-88	NR	-88	SP10	1	CSD	BS	95.0	5	125.0	A	PERCENTAGE	2013-07-09	Grab	EE	B8	5.0	321	CSD007	None	25.0	-5.20516570341	0.000123245276339	NSC		
322	5.26315789474		-88	NR	-88	SP10	1	CSD	BS	95.0	5	125.0	A	PERCENTAGE	2013-07-09	Grab	EE	B8	5.0	322	CSD007	None	25.0	-5.20516570341	0.000123245276339	NSC		
323	5.26315789474		-88	NR	-88	SP10	1	CSD	BS	95.0	5	125.0	A	PERCENTAGE	2013-07-09	Grab	EE	B8	5.0	323	CSD007	None	25.0	-5.20516570341	0.000123245276339	NSC		
324	2.05342705206	Batch/Results: Check if samples were tested within 28 day holding time (data comes from Batch and Results tables).	-88	NR	-88	NPA	1	CSD	SWI	77.0	5		A	PERCENTAGE	2013-07-09	Grab	MG	B8	1.58113883008	324	CSD009	None	2.5			NSC		
325	2.05342705206	Batch/Results: Check if samples were tested within 28 day holding time (data comes from Batch and Results tables).	-88	NR	-88	NPA	1	CSD	SWI	77.0	5		A	PERCENTAGE	2013-07-09	Grab	MG	B8	1.58113883008	325	CSD009	None	2.5			NSC		
326	2.05342705206	Batch/Results: Check if samples were tested within 28 day holding time (data comes from Batch and Results tables).	-88	NR	-88	NPA	1	CSD	SWI	77.0	5		A	PERCENTAGE	2013-07-09	Grab	MG	B8	1.58113883008	326	CSD009	None	2.5			NSC		
327	2.05342705206	Batch/Results: Check if samples were tested within 28 day holding time (data comes from Batch and Results tables).	-88	NR	-88	NPA	1	CSD	SWI	77.0	5		A	PERCENTAGE	2013-07-09	Grab	MG	B8	1.58113883008	327	CSD009	None	2.5			NSC		
328	2.05342705206	Batch/Results: Check if samples were tested within 28 day holding time (data comes from Batch and Results tables).	-88	NR	-88	NPA	1	CSD	SWI	77.0	5		A	PERCENTAGE	2013-07-09	Grab	MG	B8	1.58113883008	328	CSD009	None	2.5			NSC		
329	15.0570359293		-88	NR	-88	NPA	1	CSD	SWI	81.8	5	136.333333333	A	PERCENTAGE	2013-07-10	Grab	MG	E14	12.3166553902	329	CSD005	None	151.7	-3.95775316962	0.00835452995853	NSC		
330	15.0570359293		-88	NR	-88	NPA	1	CSD	SWI	81.8	5	136.333333333	A	PERCENTAGE	2013-07-10	Grab	MG	E14	12.3166553902	330	CSD005	None	151.7	-3.95775316962	0.00835452995853	NSC		
331	15.0570359293		-88	NR	-88	NPA	1	CSD	SWI	81.8	5	136.333333333	A	PERCENTAGE	2013-07-10	Grab	MG	E14	12.3166553902	331	CSD005	None	151.7	-3.95775316962	0.00835452995853	NSC		
332	15.0570359293		-88	NR	-88	NPA	1	CSD	SWI	81.8	5	136.333333333	A	PERCENTAGE	2013-07-10	Grab	MG	E14	12.3166553902	332	CSD005	None	151.7	-3.95775316962	0.00835452995853	NSC		
333	15.0570359293		-88	NR	-88	NPA	1	CSD	SWI	81.8	5	136.333333333	A	PERCENTAGE	2013-07-10	Grab	MG	E14	12.3166553902	333	CSD005	None	151.7	-3.95775316962	0.00835452995853	NSC		
334	41.0367205719		-88	NR	-88	NPA	1	CSD	SWI	71.2	5	118.666666667	A	PERCENTAGE	2013-07-09	Grab	MG	E26	29.2181450472	334	CSD005	None	853.7	-0.857137279164	0.219843250404	NSC		
335	41.0367205719		-88	NR	-88	NPA	1	CSD	SWI	71.2	5	118.666666667	A	PERCENTAGE	2013-07-09	Grab	MG	E26	29.2181450472	335	CSD005	None	853.7	-0.857137279164	0.219843250404	NSC		
336	41.0367205719		-88	NR	-88	NPA	1	CSD	SWI	71.2	5	118.666666667	A	PERCENTAGE	2013-07-09	Grab	MG	E26	29.2181450472	336	CSD005	None	853.7	-0.857137279164	0.219843250404	NSC		
337	41.0367205719		-88	NR	-88	NPA	1	CSD	SWI	71.2	5	118.666666667	A	PERCENTAGE	2013-07-09	Grab	MG	E26	29.2181450472	337	CSD005	None	853.7	-0.857137279164	0.219843250404	NSC		
338	41.0367205719		-88	NR	-88	NPA	1	CSD	SWI	71.2	5	118.666666667	A	PERCENTAGE	2013-07-09	Grab	MG	E26	29.2181450472	338	CSD005	None	853.7	-0.857137279164	0.219843250404	NSC		
339	4.35760430486		-88	NR	-88	SP10	1	CSD	BS	96.0	5	126.315789474	A	PERCENTAGE	2013-07-12	Grab	EE	GS00	4.18330013267	339	CSD007	None	17.5	-5.94520433168	2.7007459955e-05	NSC		
340	4.35760430486		-88	NR	-88	SP10	1	CSD	BS	96.0	5	126.315789474	A	PERCENTAGE	2013-07-12	Grab	EE	GS00	4.18330013267	340	CSD007	None	17.5	-5.94520433168	2.7007459955e-05	NSC		
341	4.35760430486		-88	NR	-88	SP10	1	CSD	BS	96.0	5	126.315789474	A	PERCENTAGE	2013-07-12	Grab	EE	GS00	4.18330013267	341	CSD007	None	17.5	-5.94520433168	2.7007459955e-05	NSC		
342	4.35760430486		-88	NR	-88	SP10	1	CSD	BS	96.0	5	126.315789474	A	PERCENTAGE	2013-07-12	Grab	EE	GS00	4.18330013267	342	CSD007	None	17.5	-5.94520433168	2.7007459955e-05	NSC		
343	4.35760430486		-88	NR	-88	SP10	1	CSD	BS	96.0	5	126.315789474	A	PERCENTAGE	2013-07-12	Grab	EE	GS00	4.18330013267	343	CSD007	None	17.5	-5.94520433168	2.7007459955e-05	NSC		
344	0.0		-88	NR	-88	SP10	1	CSD	BS	100.0	5	131.578947368	A	PERCENTAGE	2013-07-12	Grab	EE	I27	0.0	344	CSD007	None	0.0	-9.24184855458	3.43475640102e-06	NSC		
345	0.0		-88	NR	-88	SP10	1	CSD	BS	100.0	5	131.578947368	A	PERCENTAGE	2013-07-12	Grab	EE	I27	0.0	345	CSD007	None	0.0	-9.24184855458	3.43475640102e-06	NSC		
346	0.0		-88	NR	-88	SP10	1	CSD	BS	100.0	5	131.578947368	A	PERCENTAGE	2013-07-12	Grab	EE	I27	0.0	346	CSD007	None	0.0	-9.24184855458	3.43475640102e-06	NSC		
347	0.0		-88	NR	-88	SP10	1	CSD	BS	100.0	5	131.578947368	A	PERCENTAGE	2013-07-12	Grab	EE	I27	0.0	347	CSD007	None	0.0	-9.24184855458	3.43475640102e-06	NSC		
348	0.0		-88	NR	-88	SP10	1	CSD	BS	100.0	5	131.578947368	A	PERCENTAGE	2013-07-12	Grab	EE	I27	0.0	348	CSD007	None	0.0	-9.24184855458	3.43475640102e-06	NSC		
349		Logic: Each Toxicity Result record must have a corresponding Toxicity Batch/WQ record. Records are matched on ToxBatch and LabCode.	-88	NR	-88	SP10	1	CSD	BS	100.0	1		A	PERCENTAGE	2013-07-12	Grab	EE	B18-1000		349	CSD1000	None				NSC		
350		Logic: Each Toxicity Result record must have a corresponding Toxicity Batch/WQ record. Records are matched on ToxBatch and LabCode.	-88	NR	-88	SP10	1	CSD	BS	100.0	1		A	PERCENTAGE	2013-07-12	Grab	EE	B18-1002		350	CSD1002	None				NSC		
